{
  "type": "GenericCrafter",
  "name": "processor factory",
  "description": "gyli",
  "outputItem": {
    "item": "processor-1",
    "amount": 1
  },
     "drawer": {
    "type": "DrawMulti",
    "drawers": [
      {
        "type": "DrawDefault" 
      }
      {
        "type": "DrawGlowRegion",
        "suffix": "-top",
        "color": "f1a397"
      },
    ]
  },
  "health": 440,
  "craftTime": 120,
  "size": 4,
  "hasPower": true,
  "hasLiquids": false,
  "hasItems": true,
  "updateEffect":"none",
  "consumes": {
    "power": 1.5,
       "items": {
      "items": [
          {
"item": "silicon",
          "amount": 2 
},
       { "item": "graphite"
          "amount": 1
},
      ]
    }
  },
  "requirements":
[
    {
      "item": "lead",
      "amount": 200
    },
    {
      "item": "graphite",
      "amount": 75
    },
    {
      "item": "silicon",
      "amount": 75
    },
    {
      "item": "titanium",
      "amount": 200
    }
  ],
  "category": "crafting",
  "research": "team-elecian",
}
