{
  "name": "flying wings",
  "description": "[white]wings capable of holding an axe on the fly with the help of their [yellow]aerodynamics [white]are used to create units of [red]type C1.",
  "details": "[gray]these wings are used only in [red]gliders[gray] because of their low acceleration , so they can carry any [yellow]weight.",
  "cost": 2.5,
  "color": fffffff,
  "hardness": 0,
  "flammability": 0,
  "explosiveness": 0,
  "requirements": [
    {
      "item": "silicon",
      "amount": 750
    },
    {
      "item": "lead",
      "amount": 1250
    },
    {
      "item": "titanium",
      "amount": 2000
    },
    ],
  "research": "team-elecian",
}
