{
  "name": "Integration crystall",
  "description": "[white]an [red]energy crystal [white]that has collected the ancient [yellow]core planet's energy [white]hidden in ordinary stones is used in many energy processes in electronics",
  "details": "[gray]in fact, these crystals are used only to strengthen the enemy's [red]laser strikes[gray], there was a wound on the [green]genefid[gray] sector from the largest crystal in existence"
  "cost": 2.5,
  "color": fffffff,
  "hardness": 0,
  "flammability": 0,
  "explosiveness": 0,
  "requirements": [
    {
      "item": "coal",
      "amount": 750
    },
    {
      "item": "lead",
      "amount": 1250
    },
    {
      "item": "titanium",
      "amount": 2000
    },
    ],
  "research": "team-elecian",
}
