{
  "name": "processor 1lvl",
  "description": "[yellow]a 2nd generation[red] processor[white] capable of performing calculations with [yellow]greater speed and accuracy [white]at a reduced cost of production",
  "details": "[grey]the processor of this [yellow]generation [grey]turned out to be more efficient than the previous one, but it is still too [red]inefficient [grey]and a new processor will be produced soon",
  "cost": 2.5,
  "color": fffffff,
  "hardness": 0,
  "flammability": 0,
  "explosiveness": 0,
  "requirements": [
    {
      "item": "graphite",
      "amount": 75
    },
    {
      "item": "silicon",
      "amount": 75
    },
    {
      "item": "titanium",
      "amount": 200
    },
    ],
  "research": "team-elecian",
}
